movie,us_gross,budget,roi_us
The Devil Wears Prada,124740460,35000000,2.5640131428571427
The Pursuit of Happyness,163566459,55000000,1.9739356181818182
Rocky Balboa,70269899,24000000,1.9279124583333334
Ice Age: The Meltdown,195330621,80000000,1.4416327625
Date Movie,48548426,20000000,1.4274213
Nacho Libre,80197993,35000000,1.2913712285714285
The Break-Up,118703275,52000000,1.2827552884615385
The Omen (2006),54607383,25000000,1.18429532
Final Destination 3,54098051,25000000,1.16392204
Talladega Nights: The Ballad of Ricky Bobby,148213377,72500000,1.0443224413793104
Eight Below,81612565,40000000,1.040314125
Scary Movie 4,90710620,45000000,1.0157915555555554
Happy Feet,198000317,100000000,0.98000317
Inside Man,88513495,45000000,0.9669665555555556
The Grudge 2,39143839,20000000,0.95719195
Nanny McPhee,47144110,25000000,0.8857644
The Benchwarmers,59843754,33000000,0.813447090909091
Failure to Launch,88715192,50000000,0.77430384
Big Momma's House 2,70165972,40000000,0.7541493
Babel,34302837,20000000,0.71514185
She's the Man,33741133,20000000,0.68705665
Click,137355633,82500000,0.6649167636363637
Accepted,36323505,23000000,0.5792828260869565
The Departed,132384315,90000000,0.47093683333333336
RV,71726025,50000000,0.4345205
Barnyard: The Original Party Animals,72637803,51000000,0.4242706470588235
"You, Me and Dupree",75628110,54000000,0.40052055555555555
Underworld: Evolution,62318875,45000000,0.3848638888888889
Dreamgirls,103365956,75000000,0.37821274666666665
Stranger Than Fiction,40435190,30000000,0.34783966666666666
Stick It,26910736,20000000,0.3455368
The Prestige,53089891,40000000,0.327247275
The Lake House,52330111,40000000,0.308252775
V for Vendetta,70511035,54000000,0.3057599074074074
Gridiron Gang,38432823,30000000,0.2810941
Apocalypto,50866635,40000000,0.271665875
The Covenant,23380495,20000000,0.16902475
Curious George,58360760,50000000,0.1672152
Take the Lead,34742066,30000000,0.15806886666666667
Stay Alive,23086480,20000000,0.154324
World Trade Center,70278893,65000000,0.08121373846153847
The Nativity Story,37629831,35000000,0.07513802857142857
ATL,21170563,20000000,0.05852815
Snakes on a Plane,34020814,33000000,0.030933757575757576
The Pink Panther,82226474,80000000,0.027830925
The Shaggy Dog,61123569,60000000,0.01872615
Open Season,84303558,85000000,-0.008193435294117648
Pulse,20264436,20500000,-0.011490926829268293
Monster House,73661010,75000000,-0.0178532
Charlotte's Web,82599768,85000000,-0.028238023529411765
Silent Hill,46982632,50000000,-0.06034736
Little Man,58645052,64000000,-0.0836710625
Deja Vu,64038616,75000000,-0.14615178666666667
Last Holiday,38399961,45000000,-0.14666753333333332
Lucky Number Slevin,22495466,27000000,-0.1668345925925926
16 Blocks,36895141,45000000,-0.1801079777777778
Eragon,75030163,100000000,-0.24969837
The Holiday,63224849,85000000,-0.2561782470588235
One Night with the King,13395961,20000000,-0.33020195
Unaccompanied Minors,16655224,25000000,-0.33379104
Just My Luck,17326650,28000000,-0.38119107142857145
Ultraviolet,18535812,30000000,-0.3821396
The Sentinel,36280697,60000000,-0.39532171666666666
Lady in the Water,42285169,70000000,-0.3959261571428571
The Wicker Man,23649127,40000000,-0.408771825
Blood Diamond,57377916,100000000,-0.42622084
The Ant Bully,28142535,50000000,-0.4371493
School for Scoundrels,17807569,35000000,-0.49121231428571427
The Wild,37384046,80000000,-0.532699425
Children of Men,35327768,76000000,-0.535160947368421
The Black Dahlia,22545080,50000000,-0.5490984
Marie Antoinette,15962471,40000000,-0.600938225
Flags of Our Fathers,33602376,90000000,-0.6266402666666666
Flyboys,13090630,60000000,-0.7818228333333334
Arthur and the Invisibles,15132763,86000000,-0.8240376395348837
