termino,coef,error_est,t,p_valor,ic95_inf,ic95_sup
(Intercept),-7743523.894134668,4459475.10954167,-1.7364204763843878,0.087227170156030015,-16649710.686930921,1162662.8986615846
budget,0.13526472729180786,0.04317743543032461,3.132764277074409,0.002596773182092453,0.04903343420675858,0.22149602037685712
comedy,1133908.5788081475,2289730.0996560836,0.49521495087061135,0.6221183991058942,-3438998.2032012176,5706815.3608175125
r_rated,618549.538181901,2604048.4208075153,0.23753380821931444,0.8129898153661954,-4582094.278301119,5819193.354664921
sequel,9297737.026272487,3288201.951454346,2.8276052272763144,0.006227269781566266,2730744.2585744495,15864729.793970525
known_story,-2605925.865785965,2043045.947058666,-1.2755101614516633,0.20666850212655619,-6686170.375243469,1474318.6436715387
summer,-4125785.307219113,2239719.8093921673,-1.8420988598296146,0.07002291354565633,-8598814.642732723,347244.02829449624
holiday,147197.17929973124,3555280.007846865,0.041402415273860876,0.9671020017779659,-6953187.299319462,7247581.6579189235
christmas,-3849947.621916734,3493935.8997248216,-1.101894176770659,0.27457112705062886,-10827819.456748897,3127924.2129154284
theatres,7115.744537406316,1559.3794352817333,4.563189930820598,2.294131998513627e-5,4001.4487536382517,10230.040321174381
